<?xml version="1.0" encoding="UTF-8"?>
<beans xmlns="http://www.springframework.org/schema/beans"
       xmlns:xsi="http://www.w3.org/2001/XMLSchema-instance"
       xmlns:context="http://www.springframework.org/schema/context"
       xsi:schemaLocation="http://www.springframework.org/schema/beans http://www.springframework.org/schema/beans/spring-beans.xsd http://www.springframework.org/schema/context https://www.springframework.org/schema/context/spring-context.xsd">
    <context:component-scan base-package="com.xuetang9.tree_new_bee"/>
    <!--导入实体类User-->
    <bean id="user" class="com.xuetang9.tree_new_bee.domain.entity.User"></bean>

    <!--导入实体类Manage-->
    <bean id="manage" class="com.xuetang9.tree_new_bee.domain.entity.Manage"></bean>

    <!--导入登录所需的数据service层调用-->
    <bean id="LoginQuery" class="com.xuetang9.tree_new_bee.domain.query.LoginQuery"></bean>

    <!--导入页面所需的数据-->
    <bean id="LoginVo" class="com.xuetang9.tree_new_bee.domain.vo.LoginVo"></bean>

    <!--导入JsonResult工具类 -->
    <bean id="jsonResult" class="com.xuetang9.tree_new_bee.util.servlet.JsonResult"></bean>

    <bean id="userService" class="com.xuetang9.tree_new_bee.service.impl.UserServiceImpl">
        <property name="userDao" ref="userDaoImpl"></property>
        <property name="loginVo" ref="LoginVo"></property>
        <property name="manage" ref="manage"></property>
    </bean>
    <bean id="userDaoImpl" class="com.xuetang9.tree_new_bee.dao.impl.UserDaoImpl">
        <property name="jdbcTemplate" ref="jdbc"></property>
        <property name="manage" ref="manage"></property>
    </bean>
    <!--导入jdbcTemplate工具类-->
    <bean id="jdbc" class="com.xuetang9.tree_new_bee.util.jdbc.JdbcTemplate"></bean>

    <!--导入实体类Comment-->
    <bean id="comment" class="com.xuetang9.tree_new_bee.domain.entity.Comment"></bean>

    <!--导入页面所需的数据service调用-->
    <bean id="newsCommentQuery" class="com.xuetang9.tree_new_bee.domain.query.NewsCommentQuery"></bean>

    <!--导入页面要展示的数据-->
    <bean id="newsCommentVo" class="com.xuetang9.tree_new_bee.domain.vo.NewsCommentVo"></bean>

    <!--service层实现类-->
    <bean id="newsCommentService" class="com.xuetang9.tree_new_bee.service.impl.NewsCommentServiceImpl">
        <property name="newsCommentDao" ref="newsCommentDaoImpl"/>
        <!--<property name="newsCommentVo" ref="newsCommentVo"></property>-->
    </bean>

    <!--dao层实现类-->
    <bean id="newsCommentDaoImpl" class="com.xuetang9.tree_new_bee.dao.impl.NewsCommentDaoImpl">
        <property name="jdbcTemplate" ref="jdbc"></property>
        <property name="pageResult" ref="pageResult"></property>
        <property name="newsCommentVo" ref="newsCommentVo"></property>
    </bean>
    <bean id="pageResult" class="com.xuetang9.tree_new_bee.util.servlet.PageResult"></bean>

    <!--评论删除-->
    <!--service层实现类-->
    <bean id="commentDeleteService" class="com.xuetang9.tree_new_bee.service.impl.CommentDeleteServiceImpl">
        <property name="commentDeleteDao" ref="commentDeleteImpl"></property>
    </bean>

    <!--dao层实现类-->
    <bean id="commentDeleteImpl" class="com.xuetang9.tree_new_bee.dao.impl.CommentDeleteDaoImpl">
        <property name="jdbcTemplate" ref="jdbc"></property>
    </bean>

    <!--评论置顶-->
    <!--service层-->
    <bean id="commentRecommendService" class="com.xuetang9.tree_new_bee.service.impl.CommentRecommendServiceImpl">
        <property name="comment" ref="comment"></property>
        <property name="recommendDao" ref="commentRecommendImpl"></property>
    </bean>

    <!--dao层-->
    <bean id="commentRecommendImpl" class="com.xuetang9.tree_new_bee.dao.impl.CommentRecommendDaoImpl">
        <property name="jdbcTemplate" ref="jdbc"></property>
    </bean>
</beans>