<?xml version="1.0" encoding="UTF-8"?>
<beans xmlns="http://www.springframework.org/schema/beans"
       xmlns:context="http://www.springframework.org/schema/context"
       xmlns:xsi="http://www.w3.org/2001/XMLSchema-instance"
       xsi:schemaLocation="http://www.springframework.org/schema/beans
       http://www.springframework.org/schema/beans/spring-beans.xsd
       http://www.springframework.org/schema/context
       http://www.springframework.org/schema/context/spring-context.xsd">


<!--    &lt;!&ndash;加载属性文件&ndash;&gt;-->
<!--    <context:property-placeholder location="classpath:database.properties"/>-->

<!--    &lt;!&ndash;配置数据源对象&ndash;&gt;-->
<!--    <bean id="dataSource" class="com.alibaba.druid.pool.DruidDataSource">-->
<!--        <property name="driverClassName" value="${druid.driverClassName}"/>-->
<!--        <property name="url" value="${druid.url}"/>-->
<!--        <property name="username" value="${druid.username}"/>-->
<!--        <property name="password" value="${druid.password}"/>-->
<!--    </bean>-->

    <!--配置JdbcTemplate对象-->
    <bean id="jdbcTemplate" class="com.xuetang9.tree_new_bee.util.jdbc.JdbcTemplate"></bean>

    <bean id="newsService" class="com.xuetang9.tree_new_bee.service.impl.NewsServiceImpl">
        <property name="newsDao" ref="newsDao"/>
    </bean>

    <bean id="newsDao" class="com.xuetang9.tree_new_bee.dao.impl.NewsDaoImpl">
        <property name="jdbcTemplate" ref="jdbcTemplate"/>
    </bean>
    <!--~~~~~~~~~~~~~~~~~~~~~~~~~~~~~~~~~~~~~~~~~~~~~~~~~~~~~~~~~~~~~~~~~~~~~~~~~~~~~~~~~~~~~~~~~~~~~~~~~~~~~~~~~~-->
    <bean id="homeDao" class="com.xuetang9.tree_new_bee_front.dao.impl.NewsHomeDaoImpl">
        <property name="jdbcTemplate" ref="jdbcTemplate"/>
    </bean>
    <bean id="homeService" class="com.xuetang9.tree_new_bee_front.service.impl.NewsHomeServiceImpl">
        <property name="homeDao" ref="homeDao"/>
    </bean>

    <!--让Spring IoC容器读取数据库客户端配置信息-->
    <context:property-placeholder location="classpath:database.properties"/>
    <!--注入druid的数据库连接池类-->
    <bean id="dataSource" class="com.alibaba.druid.pool.DruidDataSource">
        <property name="driverClassName" value="${druid.driverClassName}"/>
        <property name="url" value="${druid.url}"/>
        <property name="username" value="${druid.username}"/>
        <property name="password" value="${druid.password}"/>
    </bean>
<!--    让Spring IoC容器主动扫描有@Repository、@Service等注解的类-->
    <context:component-scan base-package="com.xuetang9.tree_new_bee"/>
    <context:component-scan base-package="com.xuetang9.tree_new_bee_front"/>
</beans>