<?xml version="1.0" encoding="UTF-8"?>
<beans xmlns="http://www.springframework.org/schema/beans"
       xmlns:xsi="http://www.w3.org/2001/XMLSchema-instance"
       xsi:schemaLocation="http://www.springframework.org/schema/beans http://www.springframework.org/schema/beans/spring-beans.xsd">

<!--<?xml version="1.0" encoding="UTF-8"?>-->
<!--<beans xmlns="http://www.springframework.org/schema/beans"-->
<!--       xmlns:context="http://www.springframework.org/schema/context"-->
<!--       xmlns:xsi="http://www.w3.org/2001/XMLSchema-instance"-->
<!--       xsi:schemaLocation="http://www.springframework.org/schema/beans-->
<!--       http://www.springframework.org/schema/beans/spring-beans.xsd-->
<!--       http://www.springframework.org/schema/context-->
<!--       http://www.springframework.org/schema/context/spring-context.xsd">-->

    <!--用户列表展示配置-->
    <bean id="customerListService" class="com.xuetang9.tree_new_bee.service.impl.CustomerListServiceImpl">
        <property name="customerListDao" ref="customerListDao"/>
    </bean>
    <bean id="customerListDao" class="com.xuetang9.tree_new_bee.dao.impl.CustomerListDaoImpl">
        <property name="jdbc" ref="jdbc"/>
    </bean>

    <!--用户修改-->
    <bean id="customerUpDataService" class="com.xuetang9.tree_new_bee.service.impl.CustomerUpDateServiceImpl">
        <property name="customerUpDateDao" ref="customerUpDateDao"/>
    </bean>
    <bean id="customerUpDateDao" class="com.xuetang9.tree_new_bee.dao.impl.CustomerUpDateDaoImpl">
        <property name="jdbc" ref="jdbc"/>
    </bean>

    <!--用户删除-->
    <bean id="customerRemoveService" class="com.xuetang9.tree_new_bee.service.impl.CustomerRemoveServiceImpl">
        <property name="customerRemoveDao" ref="customerRemoveDao"/>
    </bean>
    <bean id="customerRemoveDao" class="com.xuetang9.tree_new_bee.dao.impl.CustomerRemoveDaoImpl">
        <property name="jdbc" ref="jdbc"/>
    </bean>

    <!--用户新增-->
    <bean id="customerNewService" class="com.xuetang9.tree_new_bee.service.impl.CustomerNewServiceImpl">
        <property name="customerNewDao" ref="customerNewDao"/>
    </bean>
    <bean id="customerNewDao" class="com.xuetang9.tree_new_bee.dao.impl.CustomerNewDaoImpl">
        <property name="jdbc" ref="jdbc"/>
    </bean>

    <!--工具类-->
    <bean id="jdbc" class="com.xuetang9.tree_new_bee.util.jdbc.JdbcTemplate"/>
    <!--    让Spring IoC容器主动扫描有@Repository、@Service等注解的类-->
<!--    <context:component-scan base-package="com.xuetang9.tree_new_bee"/>-->





    <!--前台bean-->
    <bean id="userRegisterService" class="com.xuetang9.tree_new_bee_front.service.impl.UserRegisterServiceImpl">
        <property name="userRegisterDao" ref="userRegisterDao"/>
    </bean>
    <bean id="userRegisterDao" class="com.xuetang9.tree_new_bee_front.dao.impl.UserRegisterDaoImpl">
        <property name="jdbc" ref="jdbc"/>
    </bean>
</beans>